{"RANCAGUA": 0.9878264305, "COQUIMBO": 1.597180959857143, "OVALLE": 1.4766362917142857, "ANTOFAGASTA": 2.7180671067272724, "IQUIQUE": 4.037192816166667, "TALCAHUANO": 1.9948979612857143, "CURAUMA": 1.7294174331249998, "ILLAPEL": 0.7561131933333334, "ARICA": 7.455137873166667, "CALAMA": 3.1940161633333335, "TEMUCO": 1.4019860609500001, "LLAY LLAY": 0.5750873774285715, "CHILLAN": 1.3809298501428573, "COPIAPO": 2.2347849734285714, "SANTIAGO SUR": 0.745617883125, "COYHAIQUE": 6.496132266, "LOS ANGELES": 1.4740327654999998, "OSORNO": 2.240504533, "PUERTO MONTT": 2.004653048, "TALCA": 2.217195562375, "CASTRO": 2.0956140353333335, "VALDIVIA": 2.647578947}